Area,readmission_rate
Rural,36.182843573760756
Suburban,36.71875
Urban,37.17832273690584
